Topic,Count,Name,Representation,Representative_Docs
-1,49436,-1_like_just_don_ll,"['like', 'just', 'don', 'll', 'think', 'know', 'right', 've', 'going', 'did']","['I just...', 'I like that.', 'Like this.']"
0,2349,0_daughter_girl_did_doesn,"['daughter', 'girl', 'did', 'doesn', 'like', 'woman', 'tell', 'didn', 'told', 'just']","['My other daughter?', 'Your daughter is me.', 'My daughter?']"
1,1569,1_guy_knew_did_saw,"['guy', 'knew', 'did', 'saw', 'know', 'wants', 'tell', 'didn', 'll', 'does']","['He knew there were others.', 'You know that guy?', '""I didn\'t even know the man.']"
2,1125,2_room_house_live_upstairs,"['room', 'house', 'live', 'upstairs', 'flat', 'place', 'downstairs', 'street', 'boston', 'floor']","['We made up a room for you.', 'What room?', 'It’s in the other room.']"
3,1038,3_decision_plan_try_choice,"['decision', 'plan', 'try', 'choice', 'won', 'decide', 'choose', 'mind', 'don', 'don want']","['The decision’s been made.', 'Have we made a decision?', 'It’s not my decision.']"
4,871,4_home_stay_leaving_leave,"['home', 'stay', 'leaving', 'leave', 'come', 'going', 'gotta', 'want come', 'want home', 'going home']","['I have to go home.', 'I can go home!', 'I have to go home.']"
5,680,5_read_book_write_letter,"['read', 'book', 'write', 'letter', 'writing', 'books', 'writer', 'reading', 'hemingway', 'published']","['I can’t read!', 'You read them?', 'You can read this?']"
6,647,6_black_nigger_white_niggers,"['black', 'nigger', 'white', 'niggers', 'slave', 'black people', 'white people', 'nigga', 'black man', 'white man']","['Black.', 'Something black though.', 'And he and I are black.']"
7,628,7_oh_oh god_god_ha,"['oh', 'oh god', 'god', 'ha', 'god oh', 'jesus', 'yes', 'yeah', 'oh yes', 'yeah oh']","['Oh god.', 'Oh my god!', 'OH MY GOD!!!!']"
8,582,8_dinner_eat_lunch_chicken,"['dinner', 'eat', 'lunch', 'chicken', 'hungry', 'food', 'breakfast', 'cook', 'cheese', 'eggs']","['Eat.', 'Have something to eat.', 'Eat.']"
9,574,9_cardinal_church_pope_priests,"['cardinal', 'church', 'pope', 'priests', 'holy', 'holy father', 'priest', 'tremblay', 'catholic', 'archbishop']","['From the Church?', 'Cardinal Tremblay.', 'Cardinal Tremblay.']"
10,531,10_talk_listen_hear_quiet,"['talk', 'listen', 'hear', 'quiet', 'speak', 'deaf', 'voice', 'listening', 'listen listen', 'silence']","['Or even talk.', 'And you talk to me.', 'Talk.']"
11,465,11_evelyn_anne_evelyn evelyn_anne anne,"['evelyn', 'anne', 'evelyn evelyn', 'anne anne', 'vanessa', 'samantha', 'nina', 'mary', 'cassie', 'alicia']","['Evelyn...', 'No Evelyn!', 'EVELYN                             EVELYN Not now.']"
12,438,12_doctor_dr_doc_dr dr,"['doctor', 'dr', 'doc', 'dr dr', 'hospital', 'alive', 'dead', 'tuberculosis', 'blood', 'surgeon']","['I am not a doctor.', 'You a doctor?', 'You are a Doctor.']"
13,432,13_bonds_mortgage_banks_swaps,"['bonds', 'mortgage', 'banks', 'swaps', 'market', 'housing', 'cdos', 'subprime', 'bond', 'mortgage bonds']","['Basically Lewis Ranieri’s Mortgage bonds were amazingly profitable for the big banks.', 'Instead of creating mortgage bonds that were guaranteed by the US government, they started creating their own private mortgage bonds.', 'I want to buy swaps on mortgage bonds.']"
14,411,14_car_van_drive_truck,"['car', 'van', 'drive', 'truck', 'car car', 'vehicle', 'driving', 'road', 'fucking car', 'cars']","['Get the car!', 'I found this one on my Car.', 'You get out of the car!']"
15,351,15_phone_called_number_calls,"['phone', 'called', 'number', 'calls', 'calling', 'cell', 'phones', 'phone phone', 'phone friend', 'cell phone']","['Give me that phone!', 'Take my phone!!', 'Where’s your phone!']"
16,351,16_music_band_rock_song,"['music', 'band', 'rock', 'song', 'rock roll', 'sing', 'roll', 'songs', 'play', 'guitar']","['Music.', 'Your music?', 'We are here because of the music.']"
17,343,17_know don_don know_know_don,"['know don', 'don know', 'know', 'don', 'sure don', 'dunno', 'know sure', 'idea don', 'dunno don', 'know dunno']","['I don’t know.', 'I don’t know.', 'I don’t know.']"
18,330,18_money_dollars_thousand_pay,"['money', 'dollars', 'thousand', 'pay', 'thousand dollars', 'money money', '000', 'paid', 'zlotys', 'cash']","[""I'd take the money."", ""It's full a money."", 'Can I have some money?']"
19,327,19_drink_wine_beer_pinot,"['drink', 'wine', 'beer', 'pinot', 'glass', 'bottle', 'want drink', 'champagne', 'water', 'drinking']","['Can I get you something to drink?', 'Can I get you something to drink?', 'Drink up.']"
20,326,20_lawyer_jury_judge_court,"['lawyer', 'jury', 'judge', 'court', 'case', 'trial', 'counsel', 'attorney', 'motion', 'cases']","['She’s a lawyer.', ""Who's the lawyer?"", 'To see the lawyer.']"
21,287,21_married_marriage_husband_getting married,"['married', 'marriage', 'husband', 'getting married', 'divorce', 'wedding', 'divorced', 'getting', 'annulled', 'marry']","['So you and her are married?', ""Well, you're married."", 'So...you’re married.']"
22,276,22_good_great_bad_good good,"['good', 'great', 'bad', 'good good', 'really good', 'great good', 'nice', 'nice good', 'good bad', 'great great']","[""It's good."", 'That’s good.', ""It's a good, good, good thing.""]"
23,271,23_fight_kill_fighter_fights,"['fight', 'kill', 'fighter', 'fights', 'frankie', 'fight fight', 'fighting', 'boxing', 'killed', 'going kill']","['This is how I fight.', 'Fight!', 'I will fight with you.']"
24,267,24_fine_okay_alright_fine fine,"['fine', 'okay', 'alright', 'fine fine', 'okay okay', 'ok', 'good fine', 'okay fine', 'fine okay', 'fine good']","['I’m fine.', 'You’re not fine.', 'Fine, too...']"
25,262,25_mother_mama_mom_mother mother,"['mother', 'mama', 'mom', 'mother mother', 'maman', 'know mother', 'mama mama', 'mom mom', 'mom mother', 'mother know']","[""Where's your Mother?"", 'My mother?', 'Mother?']"
26,224,26_smart_nice_nice nice_guy,"['smart', 'nice', 'nice nice', 'guy', 'smart smart', 'intelligent', 'think smart', 'nice guy', 'just nice', 'natural']","['So smart.', 'Smart.', 'Very smart.']"
27,222,27_rome_caesar_emperor_maximus,"['rome', 'caesar', 'emperor', 'maximus', 'rome rome', 'empire', 'gladiator', 'lucius', 'commodus', 'colosseum']","['Here in Rome?', 'For Rome!', 'Rome...']"
28,222,28_dressed_clothes_shirt_wearing,"['dressed', 'clothes', 'shirt', 'wearing', 'hair', 'suit', 'dress', 'fashion', 'underwear', 'panties']","['I’m not dressed.', 'Why are you so dressed up?', 'I have to get dressed.']"
29,221,29_trust_lie_liar_lying,"['trust', 'lie', 'liar', 'lying', 'believe', 'don trust', 'don lie', 'honest', 'lied', 'trusted']","['I can’t trust it.', 'I trust you.', 'You must trust me.']"
30,220,30_david_chandler_jim_james,"['david', 'chandler', 'jim', 'james', 'david david', 'rod', 'joshua', 'michael', 'charles', 'miller']","[""How's David?"", ""How's David?"", 'DAVID!']"
31,218,31_cop_police_sheriff_cops,"['cop', 'police', 'sheriff', 'cops', 'detective', 'officer', 'undercover', 'cop cop', 'fbi', 'policeman']","['You A Cop?', 'I am not a cop.', 'Cop.']"
32,217,32_don don_don yes_yes don_don,"['don don', 'don yes', 'yes don', 'don', 'don yeah', 'sure don', 'don course', 'yes', 'does don', 'really don']","['No, you don’t!', ""Don't you--!"", 'No...I don’t!']"
33,216,33_hands_fingers_hand_knees,"['hands', 'fingers', 'hand', 'knees', 'hands hands', 'breath', 'hands head', 'air', 'legs', 'hands plain']","['Put your hands where I can see them!', 'Put your hands up!', 'Keep your hands up.']"
34,209,34_friends_met_friend_friends friends,"['friends', 'met', 'friend', 'friends friends', 'best friend', 'friend friends', 've met', 'did meet', 'friendship', 'meet']","['Friends?', 'no friends...', 'Friends...']"
35,208,35_love love_love_love atcha_atcha love,"['love love', 'love', 'love atcha', 'atcha love', 'éowyn love', 'love spoo', 'spoo love', 'spoo', 'love gotta', 'atcha']","['I love it.', 'Love it.', 'I love it.']"
36,203,36_know know_know_didn know_know knew,"['know know', 'know', 'didn know', 'know knew', 'know don', 'know didn', 'aware', 'don know', 'knew', 'know idea']","['You know this to be so?', 'You know that?', 'Because I know.']"
37,203,37_course_really course_ain ain_ain,"['course', 'really course', 'ain ain', 'ain', 'yeah ain', 'yes', 'aren', 'really', 'ain eod', 'afraid noooo']","['Am I what Of course.', ""'Course I'm no Stinkin' Kike."", 'You are - you’re just like this little puppy I rescued in Runyon Canyon last year.']"
38,202,38_gay_vote_senate_candidate,"['gay', 'vote', 'senate', 'candidate', 'ballot', 'votes', 'rights', 'anita', 'anita bryant', 'bryant']","['The Gay Rights Ordinance.', 'A gay candidate against a gay candidate.', 'The Vote...?']"
39,196,39_sorry sorry_sorry_sorry oh_sorry hear,"['sorry sorry', 'sorry', 'sorry oh', 'sorry hear', 'hear sorry', 'sorry really', 'oh sorry', 'really sorry', 'god sorry', 'sorry just']","[""I'm sorry."", 'I’m sorry...', 'Sorry, I - -- sorry.']"
40,196,40_doing doing_doing_doin_doing hell,"['doing doing', 'doing', 'doin', 'doing hell', 'hell doing', 'hell', 'fuck doing', 'think doing', 'doin doing', 'doing doin']","['What are you doing?', ""I'd be doing something."", 'What are you doing?']"
41,196,41_uh huh_uh_mm_shhh,"['uh huh', 'uh', 'mm', 'shhh', 'um', 'huh', 'huh uh', 'shhhh', 'mm mm', 'shush']","['Uh huh...', 'Uh-huh.', 'Uh-huh.']"
42,194,42_sleep_tired_wake_sleeping,"['sleep', 'tired', 'wake', 'sleeping', 'asleep', 'bed', 'did sleep', 'rest', 'exhausted', 'sleep sleep']","['You can’t sleep here!', ""...How'd you sleep?"", 'Go to sleep.']"
43,194,43_school_teacher_teachers_college,"['school', 'teacher', 'teachers', 'college', 'grade', 'teach', 'students', 'class', 'high school', 'alternative']","['It’s not at school?', 'School.', 'School.']"
44,191,44_names_cellophane_calling_called,"['names', 'cellophane', 'calling', 'called', 'real', 'cellophane mister', 'mister cellophane', 'stop calling', 'jokes', 'named']","['Names!', 'What were their names?', 'What will our names be?']"
45,191,45_ask_question_curious_asking,"['ask', 'question', 'curious', 'asking', 'questions', 'ask question', 'ask ask', 'just curious', 'asked', 'asking ask']","['Can I ask you a question?', 'All you have to do is ask me a question.', 'May I ask one more question?']"
46,190,46_baby_pregnant_babies_child,"['baby', 'pregnant', 'babies', 'child', 'baby baby', 'know baby', 'adoption', 'baby going', 'want baby', 'baby want']","['The baby.', 'What baby?', 'And the baby...']"
47,182,47_mr mr_mr_mr aware_mr maybe,"['mr mr', 'mr', 'mr aware', 'mr maybe', 'aware mr', 'mr did', 'maybe mr', 'did mr', 'mr wood', 'wood']","['Mr.', 'Mr.', 'Mr.']"
48,181,48_help_help help_help need_need help,"['help', 'help help', 'help need', 'need help', 'need', 'want help', 'help don', 'help want', 'urgent', 'little help']","['Can I help you?', 'Help with what?', 'I can help.']"
49,180,49_frodo_frodo frodo_gondor_minas,"['frodo', 'frodo frodo', 'gondor', 'minas', 'tirith', 'minas tirith', 'sauron', 'gandalf', 'mordor', 'aragorn']","['Frodo!', 'Frodo?', 'Frodo!']"
50,179,50_saying_say_said_say know,"['saying', 'say', 'said', 'say know', 'didn say', 'know mean', 'just saying', 'talking', 'don say', 'talking said']","[""That's what I'm saying."", 'You were saying?', 'That’s not what I’m saying.']"
51,177,51_really really_really_yes really_really yes,"['really really', 'really', 'yes really', 'really yes', 'really oh', 'oh yeah', 'yes', 'oh really', 'yes yes', 'yeah really']","['Really?', 'Really?', 'Really?']"
52,175,52_remember_remember remember_forget_don remember,"['remember', 'remember remember', 'forget', 'don remember', 'forgot', 'forgotten', 'remember forget', 'remember don', 'forget remember', 'memory']","['Remember?', 'I remember.', 'Do you remember?']"
53,174,53_bomb_atomic_atomic bomb_hiroshima,"['bomb', 'atomic', 'atomic bomb', 'hiroshima', 'hydrogen', 'hydrogen bomb', 'uranium', 'nuclear', 'detonate', 'weapon']","['It is an atomic bomb.', 'A bomb.', 'Where’s that Bomb?']"
54,173,54_good good_good_okay_yay,"['good good', 'good', 'okay', 'yay', 'boom', 'ok', 'ok ok', 'okay good', 'oh great', 'oh okay']","['Good, good.', 'Good, good.', 'Very good, very good.']"
55,171,55_scared_nervous_worried_fear,"['scared', 'nervous', 'worried', 'fear', 'scares', 'scared scared', 'nervous scared', 'got scared', 'afraid', 'worried worried']","[""I'm scared."", 'Or are you scared?', 'Scared me.']"
56,171,56_gun_gun gun_guns_reached gun,"['gun', 'gun gun', 'guns', 'reached gun', 'shoot', 'reached', 'oh yes', 'pistol', 'shooting', 'weapon']","['Give me the gun.', ""NOT A BIT REPREHENSIBLEIT’S SO DEFENSIBLE' THE GUN, THE GUN, THE GUN, THE GUN BOTH REACHED FOR THE GUN THE GUN, THE GUN, THE GUN, THE GUN BOTH REACHED FOR THE GUN ...and all that happened on Lakeshore Drive?"", 'THE GUN, THE GUN, THE GUN, THE GUN OH YES, THEY BOTH REACHED FOR THE GUN, THE GUN, THE GUN, THE GUN, THE GUN THE GUN, THE GUN, THE GUN, THE GUN THE GUN, THE GUN, THE GUN, THE GUN Miss Baxter, did you know these two ladies personally?']"
57,168,57_ok_okay_okay okay_fine,"['ok', 'okay', 'okay okay', 'fine', 'ok ok', 'alright', 'fine fine', 'fine okay', 'right ok', 'right']","[""That's ok."", 'That’s OK.', ""It's okay, I'm okay.""]"
58,166,58_cold_rain_freezing_snow,"['cold', 'rain', 'freezing', 'snow', 'storm', 'raining', 'cold cold', 'weather', 'winter', 'wind']","[""It's cold."", ""It's cold."", ""It's too cold.""]"
59,163,59_want want_want_want don_need want,"['want want', 'want', 'want don', 'need want', 'want need', 'need', 'want got', 'know want', 'looking want', 'fuck want']","['What you want?', 'You want anything?', 'I want...']"
60,162,60_oppenheimer_dr oppenheimer_dr_physics,"['oppenheimer', 'dr oppenheimer', 'dr', 'physics', 'einstein', 'robert oppenheimer', 'quantum', 'security', 'strauss', 'scientists']","['Dr Oppenheimer.', 'Dr Oppenheimer?', 'Dr Oppenheimer!']"
61,156,61_good night_good morning_night_night good,"['good night', 'good morning', 'night', 'night good', 'morning', 'good', 'goodnight', 'morning good', 'nice day', 'evening']","['Have a good night.', 'Good night!', 'Good night.']"
62,156,62_salim_salim salim_amitabh_bhai,"['salim', 'salim salim', 'amitabh', 'bhai', 'faramir', 'mejal', 'srinivas', 'mister', 'faramir faramir', 'crorepati']","['Salim!', ""Salim, I....can't."", 'Salim!']"
63,150,63_old_age_young_years old,"['old', 'age', 'young', 'years old', 'old old', '12', 'older', 'old man', 'mid life', 'old getting']","['How old are you?', ""You're not so old."", ""I'm too old for that.""]"
64,146,64_actually_mean mean_mean actually_mean,"['actually', 'mean mean', 'mean actually', 'mean', 'actually oh', 'actually actually', 'actually darlin', 'actually hand', 'chap dude', 'fact dis']","['No, actually...', 'Actually.', 'Actually ....']"
65,143,65_problem_big deal_hard_difficult,"['problem', 'big deal', 'hard', 'difficult', 'deal', 'expect', 'big', 'hoped', 'problem problem', 'hard tough']","[""It's no big deal."", 'Not a big deal?', 'It’s not a big deal.']"
66,143,66_wasn wasn_somebody_wasn_including,"['wasn wasn', 'somebody', 'wasn', 'including', 'coulda', 'anybody young', 'associate ok', 'apart tripped', 'decided bedazzle', 'decided believe']","[""Don't stall me bitch, you know who?"", 'Maybe somebody like, like your mama?', 'Ok, which one of you decided to bedazzle my clipboard?']"
67,142,67_movie_actor_film_make movie,"['movie', 'actor', 'film', 'make movie', 'hollywood', 'films', 'actress', 'art', 'painting', 'theatre']","['How can you go to a movie?', 'I see a movie.', 'A movie.']"
68,142,68_look look_look_look oh_lookit,"['look look', 'look', 'look oh', 'lookit', 'oh look', 'face look', 'look lookit', 'look don', 'look just', 'don look']","['Look!', 'Look.', 'Look around!']"
69,140,69_beautiful_beautiful beautiful_ugly_gorgeous,"['beautiful', 'beautiful beautiful', 'ugly', 'gorgeous', 'pretty', 'look', 'cute', 'beautiful look', 'look great', 'looking good']","[""It's beautiful."", 'This is so beautiful.', 'It’s beautiful!']"
70,139,70_just yes_just just_oh ain_oh course,"['just yes', 'just just', 'oh ain', 'oh course', 'yes just', 'yes', 'ain', 'isn', 'think just', 'ckay probably']","['Oh, of course it is!', 'Oh no, no, no, no, no, it ain’t.', 'Oh, but it ain’t.']"
71,137,71_did didn_did did_did_didn did,"['did didn', 'did did', 'did', 'didn did', 'yes did', 'did yes', 'didn', 'didn didn', 'really did', 'yeah did']","['You did.', 'I did too.', 'You didn’t even have one, did you?']"
72,137,72____,"['', '', '', '', '', '', '', '', '', '']","['What?', 'What?', 'What?']"
73,136,73_stick going_seven_zero_count,"['stick going', 'seven', 'zero', 'count', 'makes', 'salim', 'alright scream', 'composition poor', 'alphabet makes', 'chamber makes']","['I just heard Tony tell McKinny it was three.', ""One, once I'm gone, you lift that beast off the remaining Speck, then carry him to the nearest town."", ""Four, nine, zero, nine- the one with the stick going down, Salim-six- stick going up- Six, one, shit, let's go- It's okay, Salim.""]"
74,135,74_say_talk_want hear_say say,"['say', 'talk', 'want hear', 'say say', 'talk don', 'didn say', 'want talk', 'don want', 'say don', 'don say']","['What can I say?', 'What should I say?', 'What would you say?']"
75,135,75_know know_know_know yeah_yeah know,"['know know', 'know', 'know yeah', 'yeah know', 'know yes', 'yes know', 'know oh', 'oh know', 'yeah', 'super involved']","['I know, I know.', 'know, I know.', 'I know, I know!']"
76,134,76_sorry_apologize_sorry sorry_sorry sir,"['sorry', 'apologize', 'sorry sorry', 'sorry sir', 'sorry mr', 'apologize sorry', 'don apologize', 'apologies', 'apologized', 'sir sorry']","['I’m sorry?', 'Sorry?', 'I’m sorry?']"
77,134,77_come come_come_seriously come_oh come,"['come come', 'come', 'seriously come', 'oh come', 'seriously', 'come seriously', 'come oh', 'guys come', 'come guys', 'come buddy']","['Come on, come on!', 'Come on, come on.', 'Come on, come on!']"
78,131,78_right right_right_right dad_aw right,"['right right', 'right', 'right dad', 'aw right', 'dad aw', 'right wait', 'wait right', 'dad right', 'aw', 'dad']","['Right.', 'Right.', 'Right.']"
79,130,79_stuff_trivial_kind stuff_kind,"['stuff', 'trivial', 'kind stuff', 'kind', 'sort thing', 'thing', 'ordinary', 'ban', 'comparison longshot', 'damn embarrassing']","['What stuff?', 'stuff.', 'Stuff...']"
80,130,80_yes yes_yes__,"['yes yes', 'yes', '', '', '', '', '', '', '', '']","['Yes.', 'Yes.', 'Yes.']"
81,129,81_yes yes_yes_bullshittin yes_firewall emulator,"['yes yes', 'yes', 'bullshittin yes', 'firewall emulator', 'firewall', 'confused yes', 'hell yes', 'pix firewall', 'yes bullshittin', 'yes pix']","['Yes.', 'Yes.', 'Yes.']"
82,128,82_course course_course_came course_accept course,"['course course', 'course', 'came course', 'accept course', 'course foolish', 'course came', 'course agree', 'agree course', 'course pros', 'pros course']","['Of course.', 'Of course.', 'Of course.']"
83,124,83_ivan_ivan ivan_igor_talk ivan,"['ivan', 'ivan ivan', 'igor', 'talk ivan', 'ivan father', 'let ivan', 'married ivan', 'ivan fucking', 'need ivan', 'igor igor']","['IVAN!', 'Ivan.', 'Ivan!']"
84,124,84_months_long_years_months months,"['months', 'long', 'years', 'months months', 'months long', 'years long', 'year', 'long long', 'weeks', 'weeks year']","['How many months are you?', 'Five months.', 'Six months.']"
85,124,85_door_walk_open_knock,"['door', 'walk', 'open', 'knock', 'open door', 'gate', 'walking', 'door door', 'door open', 'knock door']","['This is the last door.', 'Which door?', 'Door.']"
86,122,86_wait_waiting_time_delay,"['wait', 'waiting', 'time', 'delay', 'time wait', 'waitin', 'wait ll', 'll wait', 'need time', 'specks time']","['Please wait here.', 'While you wait.', 'While you wait.']"
87,120,87_outta_fuck outta_fuck_let,"['outta', 'fuck outta', 'fuck', 'let', 'coming come', 'git outta', 'gonna gonna', 'just fuck', 'let fuck', 'come just']","['get the fuck outta here!', 'Get the fuck outta here.', 'Get the fuck outta here.']"
88,120,88_wladek_szpilman_wicher_und,"['wladek', 'szpilman', 'wicher', 'und', 'wicher wicher', 'holitzer', 'szpilman wladek', 'wladek wladek', 'wladyslaw', 'und zack']","['Wladek, please.', 'Wladek, please.', 'Wladek!']"
89,120,89_win_winning_loser_lose,"['win', 'winning', 'loser', 'lose', 'lost', 'winners', 'winner', 'losing', 'losers', 'won']","['I win.', 'But you can’t win either.', 'And if I win?']"
90,119,90_brother_brother brother_husband_brothers,"['brother', 'brother brother', 'husband', 'brothers', 'cousin', 'daughter', 'husband brother', 'wife', 'husband husband', 'retarded']","['And that’s my brother.', ""It's your brother We?"", 'You can be my brother.']"
91,119,91_sure sure_sure_yeah sure_sure yeah,"['sure sure', 'sure', 'yeah sure', 'sure yeah', 'oh sure', 'sure oh', 'sure uh', 'uh sure', 'yeah', 'bet just']","['Sure.', 'Sure, sure.', 'Sure, sure.']"
92,117,92____,"['', '', '', '', '', '', '', '', '', '']","['Why?', 'Why?', 'Why?']"
93,117,93_oh oh_oh_ah oh_oh ah,"['oh oh', 'oh', 'ah oh', 'oh ah', 'ah', 'oh bingo', 'ah ah', 'bingo oh', 'bingo', '']","['Oh.', 'Oh.', 'Oh.']"
94,116,94_stop stop_stop_just stop_stop shit,"['stop stop', 'stop', 'just stop', 'stop shit', 'fucking stop', 'abandon posts', 'wanna stop', 'posts', 'stop just', 'abandon']","['Stop, stop!', 'Stop, stop.', 'Stop, stop, stop.']"
95,115,95_clock_midnight_thirty_clock time,"['clock', 'midnight', 'thirty', 'clock time', 'clock clock', 'time', '12', '30', 'time clock', 'time time']","[""Three o'clock."", 'It’s eight o’clock!', ""Three o'clock!""]"
96,114,96_thanks_thank_problem_problem problem,"['thanks', 'thank', 'problem', 'problem problem', 'problem thank', 'ok thanks', 'thank thanks', 'thanks thank', 'thank problem', 'thank thank']","['Thanks...', 'Thanks...', 'Thanks..']"
97,114,97_hello hello_hello_okay hello_hello okay,"['hello hello', 'hello', 'okay hello', 'hello okay', 'hello ok', 'ok hello', 'hi hello', 'okay', 'hello alright', 'alright hello']","['Hello?', 'Hello?', 'Hello?']"
98,112,98_robby_robert_robert robert_sacha,"['robby', 'robert', 'robert robert', 'sacha', 'saviano', 'robby robby', 'phil saviano', 'phil', 'sacha robby', 'robby sacha']","['And Robby?', 'Robby?', 'Robby.']"
99,111,99_come oh_oh come_come come_come,"['come oh', 'oh come', 'come come', 'come', 'oh', 'oh oh', 'gott come', 'let ratchet', 'gott', 'oh gott']","['Come on.', 'Come on.', 'Come on.']"
100,109,100_excuse_excuse excuse_pardon_ahead,"['excuse', 'excuse excuse', 'pardon', 'ahead', 'ahead ahead', 'pardon excuse', 'ahead excuse', 'beg pardon', 'excuse ahead', 'beg']","['Will you excuse me?', 'Excuse me...', 'Excuse me?']"
101,107,101_got got_got_got em_got yeah,"['got got', 'got', 'got em', 'got yeah', 'got totally', 'totally got', 'got okay', 'got oh', 'got think', 'oh got']","['I got this!', 'You got it.', 'We got you, we got you, we got you.']"
102,107,102_dad_dad dad_daddy_papa,"['dad', 'dad dad', 'daddy', 'papa', 'daddy daddy', 'dad come', 'thanks dad', 'okay dad', 'papa papa', 'dad okay']","['Dad!', 'What’s up, Dad?', 'Dad!']"
103,106,103_fun_bored_fun fun_fun going,"['fun', 'bored', 'fun fun', 'fun going', 'boring', 'having fun', 'll fun', 'fun ll', 'fun said', 'going fun']","['So fun!', 'fun !', 'Fun?']"
104,105,104_shit shit_shit good_good shit_shit,"['shit shit', 'shit good', 'good shit', 'shit', 'good good', 'good', 'shit crap', 'crap', 'yo', 'crap good']","['Shit.', 'Shit.', 'Shit.']"
105,105,105_jew_jews_jewish_yoohoo,"['jew', 'jews', 'jewish', 'yoohoo', 'yoohoo jew', 'jew jew', 'jewish jewish', 'jews jew', 'jews jews', 'editor']","[""He's a Jew!"", 'What about Jew...', ""He's a Jew!""]"
106,103,106_minutes_seconds_minutes minutes_seconds seconds,"['minutes', 'seconds', 'minutes minutes', 'seconds seconds', 'hours', 'thirty seconds', 'hour', 'seconds minutes', 'hour minutes', 'seconds hour']","['Two minutes.', 'In five minutes.', 'Six minutes?']"
107,103,107_horse_horses_rodeo_sheep,"['horse', 'horses', 'rodeo', 'sheep', 'ranch', 'coyotes', 'tractors', 'saddle', 'horse horse', 'plantation']","['Your horse?', 'What horse?', 'Take me to my horse.']"
108,102,108_happening_going going_happening happening_going,"['happening', 'going going', 'happening happening', 'going', 'going happening', 'happened going', 'happened', 'fuck going', 'goin', 'happening fuck']","['What’s happening?', 'what is happening?', ""What's happening?""]"
109,101,109_eighty_e21_seventy_thirty,"['eighty', 'e21', 'seventy', 'thirty', 'seven', '35', '60', '25', 'e21 25', '35 60']","['Eighty-seven.', '25, E21.', '25, E21.']"
110,100,110_homer_homer homer_homer know_homer ain,"['homer', 'homer homer', 'homer know', 'homer ain', 'homer don', 'trouble homer', 'right homer', 'ain', 'ain right', 'stayin']","['Homer, would you get this one?', 'Homer?', ""Where's that Homer?""]"
111,99,111_okay okay_okay__,"['okay okay', 'okay', '', '', '', '', '', '', '', '']","['Okay.', 'Okay.', 'Okay.']"
112,99,112_john_john john_uncle john_john sorry,"['john', 'john john', 'uncle john', 'john sorry', 'massa gunna', 'john massa', 'sorry john', 'know john', 'massa', 'kennedy']","['John ...', 'John.', 'John F.']"
113,98,113_wrong_wrong wrong_wrong right_right,"['wrong', 'wrong wrong', 'wrong right', 'right', 'right right', 'right wrong', 'mistaken', 'maybe right', 'smith wrong', 'guess wrong']","['Wrong.', 'SO WRONG!', 'But everyone’s wrong.']"
114,98,114_yeah yeah_yeah__,"['yeah yeah', 'yeah', '', '', '', '', '', '', '', '']","['Yeah.', 'Yeah.', 'Yeah.']"
115,98,115_thank thank_thank_mahalo_thank mahalo,"['thank thank', 'thank', 'mahalo', 'thank mahalo', 'mahalo thank', 'mahalo mahalo', 'like thank', 'thank like', 'like', '']","['Thank you.', 'Thank you.', 'Thank you.']"
116,97,116_haven_thinking_thinking ve_seen,"['haven', 'thinking', 'thinking ve', 'seen', 've thinking', 'haven haven', 'think seen', 'haven think', 'noticed', 've']","[""I haven't, either."", 'Well, I haven’t!', ""Because I haven't.""]"
117,97,117_party_christmas_celebrate_parties,"['party', 'christmas', 'celebrate', 'parties', 'celebrating', 'new year', 'let celebrate', 'want party', 'santa', 'yap']","['We’re here to party!', 'Party.', 'It’s your party.']"
118,96,118_meet_nice meet_meet nice_nice,"['meet', 'nice meet', 'meet nice', 'nice', 'finally meet', 'meeting', 'nice meeting', 'meet good', 'good meet', 'great meet']","['Nice to meet you?', ""It's been nice to meet you."", 'Nice to meet you.']"
119,96,119_love_love love_love talking_kind love,"['love', 'love love', 'love talking', 'kind love', 'absolute', 'love absolute', 'falling love', 'real love', 'got love', 'fall love']","['Love.', 'Love.', 'Love.']"
120,95,120_family_family family_family like_incest,"['family', 'family family', 'family like', 'incest', 'like family', 'family don', 'family gonna', 'know family', 'got family', 'families']","['Family.', 'No family.', ""You're not my family!""]"
121,94,121_sit_seat_sit sit_sit seat,"['sit', 'seat', 'sit sit', 'sit seat', 'come sit', 'sit come', 'seat sit', 'seat seat', 'want sit', 'just sit']","['Sit down.', 'Please, sit.', 'Sit down.']"
122,93,122_happy_happy happy_smiling_happy just,"['happy', 'happy happy', 'smiling', 'happy just', 'satisfied', 'happy everybody', 'happy make', 'satisfied happy', 'ir', 'life happy']","['You’re happy, I’m happy.', 'Then I’m happy you’re happy.', 'Then I’m happy you’re happy.']"
123,93,123_yes yes_yes__,"['yes yes', 'yes', '', '', '', '', '', '', '', '']","['Yes.', 'Yes.', 'Yes.']"
124,93,124_medication_cocaine_drug_pills,"['medication', 'cocaine', 'drug', 'pills', 'heroin', 'drugs', 'addicts', 'crack addicts', 'medicine', 'dealer']","['Will you take your medication?', 'The medication?', 'The medication ...']"
125,91,125_kidding_kidding kidding_joking_just kidding,"['kidding', 'kidding kidding', 'joking', 'just kidding', 'gotta kidding', 'kidding just', 'joking kidding', 'shitting', 'joking joking', 'kidding right']","['No kidding.', 'Kidding.', 'Kidding.']"
126,91,126_finished_finished finished_guys day_quite finished,"['finished', 'finished finished', 'guys day', 'quite finished', 'just finished', 'nearly', 'finished ain', 'ceased questions', 'ain treach', 'elsie think']","['I finished it.', 'Are you finished?', 'I’m finished.']"
127,90,127_don care_care_care don_cares,"['don care', 'care', 'care don', 'cares', 'gives', 'gives shit', 'shit don', 'shit', 'caring', 'cares don']","['I don’t care.', 'I don’t care.', 'I don’t care!']"
128,89,128____,"['', '', '', '', '', '', '', '', '', '']","['What?', 'What?', 'What?']"
129,88,129_wait wait_wait_wait oh_oh wait,"['wait wait', 'wait', 'wait oh', 'oh wait', 'wait yes', 'yes wait', 'wait hey', 'wait okay', 'wait mom', 'minutes wait']","['Wait.', 'Wait, what?', 'Wait, wait- What?']"
130,88,130_william_sir william_king_sir,"['william', 'sir william', 'king', 'sir', 'stockbridge', 'lord stockbridge', 'lord', 'poor william', 'william william', 'lord carton']","['William?', 'What about Sir William?', 'To get to Sir William?']"
131,87,131_hey hey_hey_hey oh_oh hey,"['hey hey', 'hey', 'hey oh', 'oh hey', 'dylan hey', 'hey trying', 'hey dylan', 'presto hey', 'hey snowball', 'snowball hey']","['Hey.', 'Hey.', 'Hey.']"
132,85,132_cool_real world_reality_ain equal,"['cool', 'real world', 'reality', 'ain equal', 'anymore things', 'changes things', 'cool dare', 'cool elisa', 'amateurs uncool', 'asking fuck']","[""I don't know, it just doesn't, reality changes things ..."", ""We weren't just a group of pansies anymore."", ""Because if you stay here and this becomes your present, sooner or later you'll imagine another time was really the golden time.""]"
133,85,133_fine fine_fine_huh huh_huh,"['fine fine', 'fine', 'huh huh', 'huh', 'fine huh', 'huh fine', 'eh', 'hm', 'eh eh', 'aiight']","['Fine by me.', 'Fine.', 'Fine.']"
134,84,134_ok ok_ok_ok ps_ps,"['ok ok', 'ok', 'ok ps', 'ps', 'ps ok', '', '', '', '', '']","['Ok.', 'OK.', 'OK.']"
135,84,135_mark_mark mark_mark oh_mark ve,"['mark', 'mark mark', 'mark oh', 'mark ve', 'mark don', 'don mark', 'mark resented', 'mark know', 'hey mark', 'resented']","['Mark?', 'Mark.', 'Mark’s here.']"
136,84,136_guess_guess guess_afraid_suppose guess,"['guess', 'guess guess', 'afraid', 'suppose guess', 'don think', 'suppose', 'doubt', 'yeah guess', 'doubt guess', 'think guess']","['I guess.', 'I - I - guess so ...', 'I guess so...']"
137,84,137_scottie_scott_scottie scottie_scotty,"['scottie', 'scott', 'scottie scottie', 'scotty', 'harmony', 'scottie come', 'scottie really', 'scott scott', 'yeah scottie', 'scottie watch']","['Scottie--?', 'Scottie, keep it down!', 'Scottie?']"
138,83,138_calm_relax_calm calm_relax calm,"['calm', 'relax', 'calm calm', 'relax calm', 'settle', 'calm relax', 'relax relax', 'calm hey', 'stay calm', 'just relax']","['Calm down.', 'You calm down.', 'Calm down.']"
139,83,139_funny_funny funny_joke_think funny,"['funny', 'funny funny', 'joke', 'think funny', 'laugh', 'humor', 'funny cool', 'funny joke', 'know funny', 'funny yeah']","[""It's not funny."", 'It’s funny.', 'That was funny.']"
140,83,140_jack_jack jack_jack twist_twist,"['jack', 'jack jack', 'jack twist', 'twist', 'jack just', 'hey jack', 'jack got', 'jack hey', 'thanks jack', 'buddy jack']","['Jack.', 'I’m not Jack.', 'Jack.']"
141,83,141_crazy_crazy crazy_insane_nuts,"['crazy', 'crazy crazy', 'insane', 'nuts', 'idiot', 'crazy shit', 'psychotic', 'psycho', 'gone crazy', 'crazy nuts']","['Crazy.', 'You see, I am crazy.', 'This is crazy...']"
142,83,142_ki_ki jung_jung_min hyuk,"['ki', 'ki jung', 'jung', 'min hyuk', 'hyuk', 'min', 'gui', 'jin gui', 'jin', 'mo']","['Although I cry often when I think of Ki-Jung.', 'Hey, Ki-Jung.', 'Ki-Jung!']"
143,82,143_tell_tell em_bluff_tell tell,"['tell', 'tell em', 'bluff', 'tell tell', 'know tell', 'em happened', 'bluff tell', 'yeah told', 'told', 'em']","['And who will tell them?!', '*Tell* them!', 'Tell ‘em...Tell ‘em what  happened.']"
144,82,144_facebook_zuckerberg_thefacebook_harvard,"['facebook', 'zuckerberg', 'thefacebook', 'harvard', 'mark zuckerberg', 'website', 'site', 'harvardconnection', 'network', 'social']","['He made theFacebook.', 'TheFacebook?', 'TheFacebook?']"
145,82,145_oh toros_means drum_drum roll_drum,"['oh toros', 'means drum', 'drum roll', 'drum', 'bud yes', 'yes bud', 'toros means', 'roll yes', 'sir yeah', 'yes god']","['Toros please.', 'Bud, please.', 'Drum roll please.']"
146,81,146_bye_bye bye_goodbye_goodbye goodbye,"['bye', 'bye bye', 'goodbye', 'goodbye goodbye', 'bye goodbye', 'goodbye bye', 'ok bye', 'bye ok', 'bye mom', 'guys bye']","['Bye.', 'bye.', 'Bye, bye.']"
147,81,147_bitch_son bitch_motherfucker_bitch bitch,"['bitch', 'son bitch', 'motherfucker', 'bitch bitch', 'twat', 'twat twat', 'bitch son', 'son', 'piece shit', 'bitch motherfucker']","['Bitch!', 'Bitch, go!', 'Bitch?']"
148,80,148_ago_years ago_ago years_years,"['ago', 'years ago', 'ago years', 'years', 'ago long', 'ago year', 'ago night', 'months ago', 'days ago', 'year']","['Fifteen years ago.', 'That was six years ago.', ""It's been a few years ago.""]"
149,80,149_yes yes_yes_rugburn yes_yes rugburn,"['yes yes', 'yes', 'rugburn yes', 'yes rugburn', 'rugburn', '', '', '', '', '']","['Yes.', 'Yes.', 'Yes.']"
150,80,150_late_sorry late_late late_minutes late,"['late', 'sorry late', 'late late', 'minutes late', 'late sorry', 'early', 'gonna late', 'late gonna', 'late early', 'late running']","['I’m late, so...', '...I’m late.', ""It's late.""]"
151,80,151_mad_angry_upset_pissed,"['mad', 'angry', 'upset', 'pissed', 'mad mad', 'mad don', 'really pissed', 'don upset', 'tell mad', 'angry angry']","['Why are you mad?', 'You still mad at me?', 'You’re mad.']"
152,80,152_later_tomorrow_soon_ll,"['later', 'tomorrow', 'soon', 'll', 'll seeing', 'later later', 'soon tomorrow', 'tomorrow later', 'soon ya', 'later ok']","['See you later.', 'See you later.', 'See you later.']"
153,79,153_yeah yeah_okay yeah_yeah okay_yeah,"['yeah yeah', 'okay yeah', 'yeah okay', 'yeah', 'okay', 'okay okay', 'alright yeah', 'yeah alright', 'alright', '']","['Yeah.', 'Yeah.', 'Yeah.']"
154,78,154_nazi_hitler_nazis_hitlerjugend,"['nazi', 'hitler', 'nazis', 'hitlerjugend', 'reich', 'nazi nazi', 'adolf', 'jungvolk', 'herr hitler', 'germany']","['You’re not a Nazi.', 'He is Nazi.', 'Nazi.']"
155,78,155_jamal_jamal jamal_jamal malik_malik,"['jamal', 'jamal jamal', 'jamal malik', 'malik', 'think jamal', 'work jamal', 'jamal come', 'dead jamal', 'jamal way', 'way jamal']","['Jamal!', 'Jamal!', 'Jamal?']"
156,78,156_alright_yeah alright_alright alright_alright yeah,"['alright', 'yeah alright', 'alright alright', 'alright yeah', 'okay', 'okay okay', 'alright okay', 'okay yeah', 'yeah okay', 'yeah']","['Alright.', 'Alright.', 'Alright.']"
157,77,157____,"['', '', '', '', '', '', '', '', '', '']","['No.', 'No.', 'No.']"
158,76,158_patrick_patrick patrick_patsey_patsey patsey,"['patrick', 'patrick patrick', 'patsey', 'patsey patsey', 'hi patrick', 'hey patrick', 'patrick hey', 'hello patrick', 'patrick hello', 'patrick doin']","['Not Patrick.', 'Well, where was Patrick?', 'Patrick?']"
159,76,159_yep_yep yep_parcher yep_err yep,"['yep', 'yep yep', 'parcher yep', 'err yep', 'sure yep', 'hey yep', 'yep hey', 'hell parcher', 'yep err', 'yep sure']","['Yep.', 'Yep.', 'Yep.']"
160,76,160_sin_forgiveness_forgive_faith,"['sin', 'forgiveness', 'forgive', 'faith', 'forgive men', 'men', 'forgiven', 'salome', 'philippians', 'forgiveness good']","['If you are saying that forgiveness is better than revenge, aren’t you saying that we must stay here and forgive the men?', 'There is no sin!', 'No sin!']"
161,75,161_dance_dancing_tap_dancer,"['dance', 'dancing', 'tap', 'dancer', 'dance dance', 'dances', 'tap dance', 'rhythm', 'tap dancer', 'dance tonight']","['Dance!', 'Dance!', 'Dance!']"
162,75,162_absolutely_absolutely absolutely_absolutely yeah_definitely,"['absolutely', 'absolutely absolutely', 'absolutely yeah', 'definitely', 'yeah absolutely', 'yeah definitely', 'certainly', 'definitely absolutely', 'definitely definitely', 'absolutely yes']","['Absolutely.', 'Absolutely.', 'Absolutely.']"
163,74,163_father_dad_know father_hate father,"['father', 'dad', 'know father', 'hate father', 'father father', 'father said', 'wouldn allow', 'father wouldn', 'father won', 'father know']","['How is my father?', 'I am not your father.', 'Do you have a father?']"
164,74,164_smoke_cigarette_smoking_cigarettes,"['smoke', 'cigarette', 'smoking', 'cigarettes', 'don smoke', 'smoke smoke', 'smoker', 'quit smoking', 'smokes', 'bum']","['This is all I ever smoke.', 'They smoke him?', 'So you do smoke?']"
165,74,165_enigma_messages_machine_german,"['enigma', 'messages', 'machine', 'german', 'enigma machine', 'cryptography', 'codes', 'decrypted', 'million', 'million million']","['But we have an Enigma machine.', 'Enigma.', 'Or as much as Enigma is.']"
166,74,166_harvey_harvey harvey_harvey milk_milk,"['harvey', 'harvey harvey', 'harvey milk', 'milk', 'hello harvey', 'recruit', 'milk harvey', 'harvey welcome', 'harvey ve', 'oh harvey']","['They take after Harvey.', 'Harvey!', 'This is-- Harvey...']"
167,72,167_ain shit_cause_respectfully_cause ain,"['ain shit', 'cause', 'respectfully', 'cause ain', 'respectfully respectfully', 'deserve', 'hut', 'shit', 'shit ain', 'acting like']","[""Cause you ain't shit, nigga!"", ""So ‘cause you ain’t shit, I ain't shit."", ""'Cause you ain't shit, I ain’t shit.""]"
168,72,168_heart_brain_nerve_hard,"['heart', 'brain', 'nerve', 'hard', 'emotions', 'hurts', 'heart tell', 'adrenaline', 'sumthin', 'sad']","['Ah yes - sex and alcohol - It fuels the desire but kills the performance - according to the Bard.', 'And before you know it, your heart is worn out, and, as for your body, there comes a point when no one looks at it, much less wants to come near it.', 'Wounds get locked in your heart and they fester and grow into ugly little things like depression and addiction.']"
169,70,169_miles_miles miles_hey miles_miles hey,"['miles', 'miles miles', 'hey miles', 'miles hey', 'miles oh', 'miles don', 'jesus miles', 'goddamn miles', 'bye miles', 'hi miles']","['See you, Miles.', 'See you over there, Miles.', 'You go first Miles.']"
170,70,170_wha_dat world_world wha_wha wha,"['wha', 'dat world', 'world wha', 'wha wha', 'dat', 'world', '', '', '', '']","['Dat?!', 'Wha-?', 'Wha??']"
171,69,171_ll think_today_good wanted_good interested,"['ll think', 'today', 'good wanted', 'good interested', 'big good', 'completely frank', 'cutting fine', 'does thas', 'frank wasn', 'far near']","['I think that’s quite reasonable.', ""Anyway, thas all I'd like to say for today."", 'Yeah but to be completely frank, it wasn’t enough!']"
172,69,172_nothin_nothin nothin_apparently thanks_come apparently,"['nothin', 'nothin nothin', 'apparently thanks', 'come apparently', 'important come', 'definition really', 'consequence oh', 'believed oh', 'ah nothin', 'turn key']","['Nothin’.', ""Nothin'?"", ""Nothin’, nothin'.""]"
173,69,173_thank thank_thank__,"['thank thank', 'thank', '', '', '', '', '', '', '', '']","['Thank you.', 'Thank you.', 'Thank you.']"
174,68,174_smell_smells_smell smell_smells like,"['smell', 'smells', 'smell smell', 'smells like', 'smell like', 'stink', 'smelling', 'balls smell', 'stinks', 'smell smells']","['What do you smell?', 'I can’t smell them.', 'But that smell.']"
175,68,175_noe_hey possible_ask sieze_day hi,"['noe', 'hey possible', 'ask sieze', 'day hi', 'wait ask', 'treach wait', 'hi noe', 'man treach', 'noe hey', 'sieze day']","['Why, Treach?', 'Sieze the day What’s up?', 'Hi, Noe, what’s up?']"
176,68,176_thank_thank mr_welcome_mr thank,"['thank', 'thank mr', 'welcome', 'mr thank', 'welcome thank', 'thank ma', 'ma thank', 'mr welcome', 'mr', 'sir thank']","['Thank you, Mr.', 'Thank you very much, Mr.', 'Thank you, Mr.']"
177,68,177_keys_lock_key_fix,"['keys', 'lock', 'key', 'fix', 'lock fix', 'keys keys', 'fix lock', 'fucking lock', 'locks', 'password']","['Keys...', 'Keys!', 'keys...']"
178,68,178_tony_tony tony_tony lip_lip,"['tony', 'tony tony', 'tony lip', 'lip', 'lip tony', 'fritz', 'vallelonga', 'make tony', 'tony vallelonga', 'thank tony']","['- Tony.', 'I’m Tony.', 'Tony...']"
179,67,179_right right_right_correct_right correct,"['right right', 'right', 'correct', 'right correct', 'correct right', 'right yes', 'yes right', 'right yeah', 'fuzz correct', 'monkey right']","['That’s right.', ""That's right."", 'That’s right.']"
180,67,180_weird_strange_fucked_weird weird,"['weird', 'strange', 'fucked', 'weird weird', 'odd', 'weird fucked', 'weirdest', 'unusual', 'isn strange', 'weird kind']","['That was a weird call.', 'Is it weird?', 'So weird.']"
181,67,181_jared_hi_alicia god_manolo hell,"['jared', 'hi', 'alicia god', 'manolo hell', 'moira buddy', 'doing queen', 'bob mr', 'francis ellis', 'generally doing', 'god tonight']","['Hey you Moira, how are you?', 'How are you, JARED?', 'Hey Jared!']"
182,66,182_fuck fuck_fuck_fuck em_screw fuck,"['fuck fuck', 'fuck', 'fuck em', 'screw fuck', 'em fuck', 'screw', 'fuck scuse', 'fuck aw', 'ozzy fuck', 'fuck willard']","['Fuck you.', 'Fuck them!', 'Fuck you!']"
183,66,183_understand_understand understand_clear_understand don,"['understand', 'understand understand', 'clear', 'understand don', 'starting understand', 'don understand', 'understand starting', 'understand clear', 'starting', 'understanding']","['Do you understand?', 'Do you understand?', 'Do you understand that?']"
184,66,184_lee_lee lee_uncle lee_uncle,"['lee', 'lee lee', 'uncle lee', 'uncle', 'lee uncle', 'lee hey', 'hey lee', 'goodbye uncle', 'look lee', 'lee oh']","['Lee.', 'Lee!', 'No, Lee  Lee, no .']"
185,66,185_business_business business_business good_good business,"['business', 'business business', 'business good', 'good business', 'businesses', 'business just', 'customers', 'doin business', 'state business', 'clients']","['What business are *you* in?', 'Business.', ""Take it you're the business.""]"
186,65,186_burning_cross_flames_burn,"['burning', 'cross', 'flames', 'burn', 'taking incoming', 'cross burning', 'incoming', 'burnt', 'dies', 'hole']","['He is burning ...', 'already burning.', 'The Next Cross Burning.']"
187,65,187_hey hey_hey_little hey_hey little,"['hey hey', 'hey', 'little hey', 'hey little', 'little', '', '', '', '', '']","['Hey!!', 'Hey!', 'HEY!']"
188,65,188_difference_different_difference difference_different different,"['difference', 'different', 'difference difference', 'different different', 'difference different', 'guess different', 'different difference', 'know difference', 'tell difference', 'difference isn']","[""What's the difference?"", 'Same difference.', 'What’s the difference?']"
189,65,189_jojo_jojo jojo_rabbit_jojo rabbit,"['jojo', 'jojo jojo', 'rabbit', 'jojo rabbit', 'jurek', 'tie shoelaces', 'come jojo', 'field marshall', 'hunting carrots', 'jojo okay']","['Jojo?', 'Jojo?', 'Jojo!']"
190,64,190_boat_vessel_sailboat_ship,"['boat', 'vessel', 'sailboat', 'ship', 'ships', 'row crew', 'row', 'boat ride', 'boat boat', 'sea']","['a boat ride.', 'Her boat, someone else’s boat -- it wouldn’t have made any difference.', 'What about the boat?']"
191,64,191_exactly exactly_exactly_precisely_precisely exactly,"['exactly exactly', 'exactly', 'precisely', 'precisely exactly', 'exactly precisely', 'exactly yes', 'agr', 'exactly graham', 'eement exactly', 'exactly sir']","['Exactly.', 'Exactly.', 'Exactly.']"
192,64,192_twice_times_ve twice_twice just,"['twice', 'times', 've twice', 'twice just', 'time times', 'know pourers', 'pourers', 'pourers hit', 'time', 'time time']","['Twice.', 'Twice.', 'Twice before your military service and twice after -- a grand total of four times.']"
193,63,193_german_speak german_germans_german german,"['german', 'speak german', 'germans', 'german german', 'speaks german', 'speak', 'von', 'speaks', 'stands reason', 'german don']","['He’s a German.', 'He’s German.', 'German!']"
194,63,194_yes yes_yes__,"['yes yes', 'yes', '', '', '', '', '', '', '', '']","['Yes.', 'Yes.', 'Yes.']"
195,63,195_vous_je_la_pas,"['vous', 'je', 'la', 'pas', 'est', 'le', 'pouvez', 'pouvez vous', 'tout', 'plus']","[""Vous ne connaissez pas Adriana mais c'est tout ce qui la represente."", 'Pouvez-vous s’il vous plait appelez la police?', 'Pouvez-vous s’il vous plait appelez la police?']"
196,63,196_asked head_disdain okay_choose ta_just asked,"['asked head', 'disdain okay', 'choose ta', 'just asked', 'kim just', 'head kim', 'okay thundercats', 'scrub won', 'ta scrub', 'thundercats']","['Choose another ta go.', 'You said, ""so go"" with such disdain.', ""You just asked-- Go 'head.""]"
197,62,197_fault_fault fault_responsible_blame fault,"['fault', 'fault fault', 'responsible', 'blame fault', 'blame', 'responsibility', 'forgive', 'll forgive', 'fault responsible', 'fault hope']","['It’s all my fault.', ""So now it's my fault?"", 'That is not your fault.']"
198,62,198_sir yes_yes sir_sir_yes,"['sir yes', 'yes sir', 'sir', 'yes', 'mr yes', 'yes mr', 'sup', 'sir sup', 'sir sir', 'mr']","['Yes, sir!', 'Yes, sir.', 'Sir, yes sir.']"
199,62,199_honey_honey honey_sweetheart_darling,"['honey', 'honey honey', 'sweetheart', 'darling', 'darling hello', 'hello darling', 'honey hello', 'honey hi', 'hi precious', 'sweetheart honey']","['Honey ...', 'Honey ...', 'Honey, honey...']"
200,62,200_joel_joel joel_joel barish_barish,"['joel', 'joel joel', 'joel barish', 'barish', 'joel just', 'goal joel', 'going joel', 'baby joel', 'joel come', 'joel goal']","['Joel!', ""I can't see them from here, Joel!"", 'Joel.']"
201,62,201_yeah yeah_hi yeah_yeah hi_yeah,"['yeah yeah', 'hi yeah', 'yeah hi', 'yeah', 'hi', 'hi hi', 'shit yeah', 'yessir yeah', 'hi shit', 'yeah yessir']","['Yeah?', 'Yeah?', 'Yeah?']"
202,61,202_surprise_surprised_big surprise_shocked,"['surprise', 'surprised', 'big surprise', 'shocked', 'surprise big', 'surprises', 'surprise surprised', 'surprising', 'surprise don', 'shame']","['You surprise me.', 'What a surprise.', 'It’s a surprise for her, not for me.']"
203,61,203_dream_dreams_dreaming_nightmare,"['dream', 'dreams', 'dreaming', 'nightmare', 'dreaming dreaming', 'dream dream', 'dream night', 'waking', 'walking waking', 'dreams nightmares']","['What dream?', 'He has a dream.', 'That was the dream...']"
204,61,204_let let_let_let ok_ok let,"['let let', 'let', 'let ok', 'ok let', 'okay let', 'let okay', 'let just', 'let come', 'come let', 'let mon']","[""Let's go."", ""Okay, let's go, let's go!"", 'Let’s go, let’s go, let’s go.']"
205,61,205____,"['', '', '', '', '', '', '', '', '', '']","['No.', 'No.', 'No.']"
206,61,206_hello_hello hello_hello hey_hello oh,"['hello', 'hello hello', 'hello hey', 'hello oh', 'guys hello', 'hey guys', 'oh hello', 'hey man', 'hey', 'hi hello']","['Hello.', 'Hello.', 'Hello.- Hello.']"
207,61,207_mike_mike mike_mitch_blaster,"['mike', 'mike mike', 'mitch', 'blaster', 'blaster mike', 'mikey', 'story mike', 'listen mitch', 'mike need', 'mike blaster']","['How’s Mike?', 'Not Mike.', 'Mike who?']"
208,60,208_story_long story_story long_story story,"['story', 'long story', 'story long', 'story story', 'true story', 'want story', 'story want', 'story true', 'know story', 'long']","['long story.', 'It’s not the whole story.', 'Do the story.']"
209,60,209_yeah yeah_yeah__,"['yeah yeah', 'yeah', '', '', '', '', '', '', '', '']","['Yeah.', 'Yeah.', 'Yeah.']"
210,60,210_soldier_army_conscriptions_soldier soldier,"['soldier', 'army', 'conscriptions', 'soldier soldier', 'guys army', 'active duty', 'insurgent', 'got active', 'military', 'service']","['Is this what you are, Soldier?', 'You’re a soldier?', 'Are you a soldier?']"
211,59,211_comes okay_comes ya_darlin okay_need background,"['comes okay', 'comes ya', 'darlin okay', 'need background', 'ah christ', 'background ah', 'ya comes', 'right darlin', 'okay okay', 'christ oh']","['Okay, here it is.', 'Okay, there you go.', 'I need background.']"
212,59,212_worry don_don worry_worry_don,"['worry don', 'don worry', 'worry', 'don', 'sweat don', 'worry worry', 'conscious don', 'don sweat', 'worry mr', 'self conscious']","['Don’t worry.', 'Don’t worry.', 'Don’t worry.']"
213,59,213_paris_versailles_paris paris_going paris,"['paris', 'versailles', 'paris paris', 'going paris', 'paris beautiful', 'live paris', 'lives paris', 'beautiful', 'epoque', 'belle epoque']","['Paris?', 'In Paris?', 'In Paris?']"
214,59,214_simple_complicated_simple simple_really simple,"['simple', 'complicated', 'simple simple', 'really simple', 'easy', 'simple complicated', 'complicated simple', 'easy simple', 'just simple', 'difficult']","['— It’s not that simple, is it?', 'Simple?', 'And simple.']"
215,58,215_apples_peaches_pickin_apple,"['apples', 'peaches', 'pickin', 'apple', 'peach', 'picking apples', 'picking', 'cider', 'cherries', 'fruit']","[""You pickin' more cider apples then anythin' else."", ""You pickin' nothin' but cider apples, Peaches--I hope you understand that."", 'Apples.']"
216,58,216_told told_told_tell told_told telling,"['told told', 'told', 'tell told', 'told telling', 'told times', 'telling', 'tell', 'times told', 'telling told', 'didn tell']","['I told you.', 'I have told you.', 'I told you!']"
217,57,217_crying_cryin_tears_sad,"['crying', 'cryin', 'tears', 'sad', 'crying think', 'sad story', 'crying crying', 'crying wolf', 'cries', 'wolf']","['Crying!', 'Is that you crying?', 'I’m not crying.']"
218,57,218_away away_away_away just_leave,"['away away', 'away', 'away just', 'leave', 'stay away', 'away leave', 'away fuck', 'just leave', 'don away', 'leave just']","['Get away from me.', 'Back away.', 'Get away from me.']"
219,57,219_frank_frank frank_uncle frank_uncle,"['frank', 'frank frank', 'uncle frank', 'uncle', 'frank got', 'frank okay', 'check frank', 'okay frank', 'hi uncle', 'relax']","['Frank ...', 'Frank ...', ""Frank, you're twelve?""]"
220,56,220_rupees_million rupees_thousand rupees_million,"['rupees', 'million rupees', 'thousand rupees', 'million', 'millionaire', 'wants millionaire', 'thousand', 'sixteen thousand', 'welcome wants', 'final question']","['Ten rupees.', 'For sixty-four thousand rupees.', 'Ten million rupees.']"
221,56,221_english_speak english_language_speak,"['english', 'speak english', 'language', 'speak', 'english speak', 'don speak', 'english don', 'spanish', 'languages', 'language speak']","['You speak English?', 'Speak English?', 'Do you speak English?']"
222,56,222_job_work_love job_amazon,"['job', 'work', 'love job', 'amazon', 'working', 'job love', 'job work', 'job like', 'jobs', 'living']","['I love my job.', 'I love my job!', 'And your job is...?']"
223,55,223_ready ready_ready_ready okay_okay ready,"['ready ready', 'ready', 'ready okay', 'okay ready', 'ready ll', 'll ready', 'moment dean', 'hope ready', 'okay prepared', 'readiness just']","['Now, it seems, you’re ready.', 'Get ready!', 'Ready to go.']"
224,55,224_mrs mrs_mrs_guess mrs_mrs guess,"['mrs mrs', 'mrs', 'guess mrs', 'mrs guess', 'mr mrs', 'ladyship ou', 'lady remind', 'fitzwilly', 'fitzwilly mrs', 'candie fitzwilly']","['Mrs.', 'Mrs.', 'Mrs.']"
225,55,225_wow wow_wow_wöw wow_oh wow,"['wow wow', 'wow', 'wöw wow', 'oh wow', 'wow oh', 'wow wöw', 'wöw', 'oh', '', '']","['Wow.', 'Wow.', 'Wow.']"
226,55,226_ah___,"['ah', '', '', '', '', '', '', '', '', '']","['Here.', 'Here.', 'Ah, here.']"
227,55,227_olive_olive olive_olive come_okay olive,"['olive', 'olive olive', 'olive come', 'okay olive', 'regionals', 'contest boca', 'diet pills', 'harvey olive', 'come olive', 'olive gonna']","['Olive is who she is.', 'Olive.', 'Olive.']"
228,55,228_hi hi_hi_yeah hiya_cute yeah,"['hi hi', 'hi', 'yeah hiya', 'cute yeah', 'hiya hi', 'look cute', 'hi look', 'hiya', 'hi yeah', 'yeah hi']","['Hi!', 'Hi!', 'Hi!']"
229,54,229_en_la_es_que,"['en', 'la', 'es', 'que', 'salome', 'iglesia', 'la iglesia', 'por', 'senor', 'sala']","['La iglesia no es la tradición.', 'La iglesia es l que hagamos en adelante.', 'La lucha está aquí aquí  dentro de cada uno de  nosotros si cedemos al odio y  al temor, si hablamos de “bandos” en vez de hablar por cada hombre y cada mujer.']"
230,54,230_war_war war_ended war_war won,"['war', 'war war', 'ended war', 'war won', 'vietnam', 'win war', 'end war', 'ooh', 'allies', 'ended']","['The war’s over.', 'This war is over.', 'The war is over!']"
231,54,231_richard_richard richard_okay richard_richard gonna,"['richard', 'richard richard', 'okay richard', 'richard gonna', 'dick pabich', 'gonna richard', 'dick roswell', 'doesn richard', 'bear dick', 'calling richard']","['No, Richard.', 'Richard.', 'Richard!']"
232,54,232_weissman_mr weissman_jennings_mr jennings,"['weissman', 'mr weissman', 'jennings', 'mr jennings', 'mr', 'valet', 'weissman valet', 'jennings mr', 'jennings thank', 'valet mr']","[""Have you heard about Mr Weissman's valet?"", 'Thank you, Mr Weissman.', 'Ah, Mr Weissman, there you are You are here as valet to Mr Weissman.']"
233,54,233_color_favorite color_green_red,"['color', 'favorite color', 'green', 'red', 'favorite', 'yellow', 'green green', 'color favorite', 'blue', 'purple']","['My favorite color...', 'What’s your favorite color?', 'Favorite color?']"
234,54,234_hi_hi hi_okay okay_okay,"['hi', 'hi hi', 'okay okay', 'okay', 'hi okay', 'okay hi', 'ok hi', 'ok okay', 'ok', 'okay good']","['Hi.', 'Hi.', 'Hi.']"
235,53,235____,"['', '', '', '', '', '', '', '', '', '']","['What?', 'What?', 'What?']"
236,53,236____,"['', '', '', '', '', '', '', '', '', '']","['How?', 'How?', 'No?']"
237,53,237_refers_title refers_yeah soooo_soooo okay,"['refers', 'title refers', 'yeah soooo', 'soooo okay', 'refers good', 'soooo', 'good yeah', 'title', 'okay', 'yeah']","['Okay so...', 'soooo...', 'So the title refers to...']"
238,53,238_drunk_drunk drunk_drunk really_sober,"['drunk', 'drunk drunk', 'drunk really', 'sober', 'drinking', 'doesn drink', 'drunk right', 'drunk drinking', 'sober fucking', 'pretty drunk']","['I’m not drunk...', ""You're drunk."", 'He was drunk.']"
239,53,239_yeah yeah_yeah__,"['yeah yeah', 'yeah', '', '', '', '', '', '', '', '']","['Yeah.', 'Yeah.', 'Yeah.']"
240,52,240_good good_good_good got_got good,"['good good', 'good', 'good got', 'got good', 'got', '', '', '', '', '']","['Good.', 'Good.', 'Good.']"
241,52,241_god oh_oh god_god_oh,"['god oh', 'oh god', 'god', 'oh', 'good god', 'oh good', 'good', '', '', '']","['Oh my god.', 'Oh my God.', 'Oh my god.']"
242,52,242_thanks thanks_thanks_ty_thanks thankee,"['thanks thanks', 'thanks', 'ty', 'thanks thankee', 'thanks ty', 'yeew', 'thank yeew', 'thankee', 'thankee thanks', 'thanks dol']","['thanks.', 'Thanks.', 'Thanks.']"
243,52,243_don heck_heck don_understand bloody_bloody hell,"['don heck', 'heck don', 'understand bloody', 'bloody hell', 'heck', 'don don', 'don understand', 'bloody', 'hell', 'understand']","['I don’t understand, why not?', 'Why the heck not?', 'AND WHY THE BLOODY HELL NOT?']"
244,52,244_thanks thanks_amen_thanks_amen thanks,"['thanks thanks', 'amen', 'thanks', 'amen thanks', 'thanks amen', 'amen amen', 'mr amen', 'amen mr', 'amen did', 'right thanks']","['Amen!', 'Amen!', 'Amen!']"
245,51,245_brad wife_buster person_won wasn_son thatjazz,"['brad wife', 'buster person', 'won wasn', 'son thatjazz', 'geoghan just', 'guys buster', 'thatjazz geoghan', 'son giving', 'just son', 'wasn guys']","['For you, Brad?', 'FOR ALL THATJAZZ!', 'What are you giving me shit for?']"
246,51,246_congratulations_holy shit_congratulations congratulations_congratulations good,"['congratulations', 'holy shit', 'congratulations congratulations', 'congratulations good', 'holy', 'shit congratulations', 'shit holy', 'good congratulations', 'congratulations holy', 'good holy']","['Congratulations.', 'Congratulations.', 'Congratulations.']"
247,50,247_paul_paul paul_paulie_peter,"['paul', 'paul paul', 'paulie', 'peter', 'paulie bleeker', 'bleeker', 'peter paul', 'peter peter', 'paul expert', 'hey paul']","['Paul was always there for me...', 'It’s me, Paul.', 'About Paul.']"
